{
  "repository_name": "我的插件源",
  "repository_icon": "https://example.com/repo-icon.png",
  "packages": [
    {
      "name": "MyTweak",
      "version": "v1.0.0",
      "description": "這是一個自訂的 TrollStore 插件，用來示範插件源的建立。",
      "app_url": "",
      "icon_url": "https://example.com/icons/mytweak-icon.png",
      "dylib": "https://example.com/downloads/mytweak.dylib",
      "section": "系統工具",
      "size": "120KB",
      "author": "Jen Su",
      "screenshots": [
        "https://example.com/screenshots/shot1.png",
        "https://example.com/screenshots/shot2.png"
      ]
    }
  ]
}